{"cameraMode":{"drawMode":0,"name":"Shaded","section":"Shading Mode"},"sceneLighting":true,"audioPlay":false,"sceneViewState":{"showFog":true,"showMaterialUpdate":false,"showSkybox":true,"showFlares":true,"showImageEffects":true,"showParticleSystems":true},"in2DMode":false,"pivot":{"x":-124.41327667236328,"y":280.45721435546877,"z":-233.228759765625},"rotation":{"x":0.0016924113733693958,"y":0.9357722401618958,"z":-0.3525724709033966,"w":0.0044908681884408},"size":30.701732635498048,"orthographic":false}